Path,Classification,Confidence,SecondaryFlags,BuiltBy,KeyEvidence,Dependencies,ProposedExtractionAction,Notes
src/custom_listview/clv_platform.h,GENERIC_REUSABLE,High,PUBLIC_API;COPY_CANDIDATE;RICHLISTVIEW_DEPENDENCY,all profiles; custom-control-demo,CLV_PLATFORM_AMIGA assert; included by control via clv_control_platform.h,none,DUPLICATE_SMALL_GENERIC_MODULE,Thin; control depends on it
src/custom_listview/clv_platform.c,GENERIC_REUSABLE,High,PRIVATE_INTERNAL;COPY_CANDIDATE;RICHLISTVIEW_DEPENDENCY,CLV_PLATFORM_OBJS all profiles+control,clv_platform_malloc/free/strdup,Amiga AllocMem,DUPLICATE_SMALL_GENERIC_MODULE,Only legacy .o linked into RichListview today
src/custom_listview/clv_platform_internal.h,GENERIC_REUSABLE,High,PRIVATE_INTERNAL;COPY_CANDIDATE;RICHLISTVIEW_DEPENDENCY,via clv_platform.o,declares allocation shim; included by control .c files,clv_platform.h,DUPLICATE_SMALL_GENERIC_MODULE,
src/custom_listview/clv_compiler.h,GENERIC_REUSABLE,High,PUBLIC_API;COPY_CANDIDATE,header-only,CLV_COMPILER_* detection,none,DUPLICATE_SMALL_GENERIC_MODULE,
src/custom_listview/clv_sdk_compat.h,GENERIC_REUSABLE,High,PUBLIC_API;COPY_CANDIDATE,header-only,NewList and SDK fallbacks,Amiga SDK,DUPLICATE_SMALL_GENERIC_MODULE,ASCII/list code needs it; control may not
src/custom_listview/clv_exec_list_compat.h,GENERIC_REUSABLE,High,PUBLIC_API;COPY_CANDIDATE,header-only,thin NewList wrapper,clv_sdk_compat.h,DUPLICATE_SMALL_GENERIC_MODULE,
src/custom_listview/clv_types.h,GENERIC_REUSABLE,Medium,PUBLIC_API;SPLIT_REQUIRED;COPY_CANDIDATE;RICHLISTVIEW_DEPENDENCY;MISLEADING_NAME,header; used by both arches,CLV_CellAlign; CLV_PixelColumn; CLV_LISTVIEW_SCROLLBAR_BORDER; comments cite lvdm_Bounds,clv_platform.h,SPLIT_FILE_BEFORE_OR_DURING_EXTRACTION,Medium: GadTools-oriented comments/constant shared into control; unclear if SCROLLBAR_BORDER belongs in Rich types
src/custom_listview/clv_config.h,LEGACY_GADTOOLS,High,PUBLIC_API;LEAVE_BEHIND,profile clients via generated CLV_HAS_*,CLV_HAS_* defaults for v1 feature families,none,LEAVE_IN_LEGACY_REPOSITORY,RichListview needs its own feature macros
src/custom_listview/clv_log.h,GENERIC_REUSABLE,Medium,PRIVATE_INTERNAL;MISLEADING_NAME,header-only macros in legacy .c,clv_log_info/error no-op macros; name collides with control clv_log_*,none,REWRITE_FOR_RICHLISTVIEW,Medium: symbol-family clash with clv_control_log.h functions
src/custom_listview/clv_bench.c,GENERIC_REUSABLE,High,PRIVATE_INTERNAL;COPY_CANDIDATE;RICHLISTVIEW_DEPENDENCY,custom-control-demo-bench,timing harness used by control bench build,clv_bench_internal.h,COPY_TO_RICHLISTVIEW_THEN_CLEAN,
src/custom_listview/clv_bench_internal.h,GENERIC_REUSABLE,High,PRIVATE_INTERNAL;COPY_CANDIDATE;RICHLISTVIEW_DEPENDENCY,control bench + backend include,bench macros; included by clv_control_internal.h and v36 backend,none,COPY_TO_RICHLISTVIEW_THEN_CLEAN,
src/custom_listview/custom_listview.h,LEGACY_GADTOOLS,High,PUBLIC_API;LEAVE_BEHIND,umbrella include,includes v1 public headers only,v1 public headers,LEAVE_IN_LEGACY_REPOSITORY,
src/custom_listview/PUBLIC_HEADERS.txt,BUILD_OR_TOOLING,High,LEAVE_BEHIND,header allowlist tooling,lists v1 public basenames including clv_cellctl.h,none,LEAVE_IN_LEGACY_REPOSITORY,
src/custom_listview/clv_ascii.h,LEGACY_GADTOOLS,High,PUBLIC_API;SPLIT_REQUIRED;LEAVE_BEHIND,ascii-* and draw-* (columns bridge),ASCII format API + pixel-column bridge for drawn prepare; lvdm_Bounds comments,clv_types.h,LEAVE_IN_LEGACY_REPOSITORY,Bridge half is drawn-GadTools specific
src/custom_listview/clv_ascii_columns.c,LEGACY_GADTOOLS,High,SPLIT_REQUIRED;LEAVE_BEHIND,CLV_ASCII_COLUMNS_OBJS ascii+draw profiles,format_header/row + clv_ascii_columns_calc_pixel_columns,clv_log.h; path_core; types,LEAVE_IN_LEGACY_REPOSITORY,
src/custom_listview/clv_ascii_internal.h,LEGACY_GADTOOLS,High,PRIVATE_INTERNAL;LEAVE_BEHIND,ascii_columns/prepare internals,content-viewport bridge internals,ascii,LEAVE_IN_LEGACY_REPOSITORY,
src/custom_listview/clv_ascii_formatter.h,LEGACY_GADTOOLS,High,PUBLIC_API;LEAVE_BEHIND,ascii profiles,justified struct List for GTLV_Labels; detach docs,exec lists,LEAVE_IN_LEGACY_REPOSITORY,
src/custom_listview/clv_ascii_formatter.c,LEGACY_GADTOOLS,High,LEAVE_BEHIND,CLV_ASCII_FORMATTER_OBJS,clv_ascii_create/free_justified_list,platform; log; exec list,LEAVE_IN_LEGACY_REPOSITORY,
src/custom_listview/clv_columns.h,LEGACY_GADTOOLS,High,PUBLIC_API;LEAVE_BEHIND,ascii-sorted/wrapped/full,computed ASCII column format API,none,LEAVE_IN_LEGACY_REPOSITORY,Algorithmically generic text format but product is ASCII GTLV labels
src/custom_listview/clv_columns.c,LEGACY_GADTOOLS,High,LEAVE_BEHIND,CLV_COLUMNS_OBJS,compute widths + format,platform,LEAVE_IN_LEGACY_REPOSITORY,
src/custom_listview/clv_sort.h,GENERIC_REUSABLE,Medium,PUBLIC_API;COPY_CANDIDATE,ascii-sorted; full-smoke,sort state over source cells; no GadTools calls,none,DUPLICATE_SMALL_GENERIC_MODULE,Medium: unused by control today; may be useful later
src/custom_listview/clv_sort.c,GENERIC_REUSABLE,Medium,COPY_CANDIDATE,CLV_SORT_OBJS,qsort-based text/numeric order,platform,DUPLICATE_SMALL_GENERIC_MODULE,
src/custom_listview/clv_cell_tracking.h,LEGACY_GADTOOLS,High,PUBLIC_API;LEAVE_BEHIND,ascii-tracked; full,column click hit-test for ListView X,none,LEAVE_IN_LEGACY_REPOSITORY,Control has own hit_test
src/custom_listview/clv_cell_tracking.c,LEGACY_GADTOOLS,High,LEAVE_BEHIND,CLV_CELL_TRACKING_OBJS,clv_cell_tracking_detect_*,ascii geometry,LEAVE_IN_LEGACY_REPOSITORY,
src/custom_listview/clv_path.h,GENERIC_REUSABLE,High,PUBLIC_API;COPY_CANDIDATE,ascii-sorted/wrapped/full,path truncate/shorten public API,none,DUPLICATE_SMALL_GENERIC_MODULE,Not linked by control; control wrap has PATH mode via draw_ops
src/custom_listview/clv_path.c,GENERIC_REUSABLE,High,COPY_CANDIDATE,CLV_PATH_WRAPPER_OBJS,public wrappers,path_core,DUPLICATE_SMALL_GENERIC_MODULE,
src/custom_listview/clv_path_core.c,GENERIC_REUSABLE,High,COPY_CANDIDATE,CLV_PATH_CORE_OBJS ascii+draw,canonical path shorten core,platform,DUPLICATE_SMALL_GENERIC_MODULE,
src/custom_listview/clv_path_internal.h,GENERIC_REUSABLE,High,PRIVATE_INTERNAL;COPY_CANDIDATE,path modules,internal path-core API,none,DUPLICATE_SMALL_GENERIC_MODULE,
src/custom_listview/clv_char_wrap.h,LEGACY_GADTOOLS,High,PUBLIC_API;LEAVE_BEHIND,ascii-wrapped; full,char wrap + display maps; GTLV_Labels ownership docs,none,LEAVE_IN_LEGACY_REPOSITORY,
src/custom_listview/clv_char_wrap.c,LEGACY_GADTOOLS,High,LEAVE_BEHIND,CLV_CHAR_WRAP_OBJS,builds wrapped physical Node lists,ascii; path; platform; log,LEAVE_IN_LEGACY_REPOSITORY,
src/custom_listview/clv_renderer.h,LEGACY_GADTOOLS,High,PUBLIC_API;LEAVE_BEHIND,CLV_RENDERER_CORE_OBJS draw-*+full,PUBLIC_API: clv_renderer_create/get_hook; prepared lists; GTLV_CallBack docs,gadtools LVDrawMsg; platform; ascii_columns; ops/bind,LEAVE_IN_LEGACY_REPOSITORY,
src/custom_listview/clv_renderer_core.c,LEGACY_GADTOOLS,High,PRIVATE_INTERNAL;LEAVE_BEHIND,CLV_RENDERER_CORE_OBJS draw-*+full,HookEntry; clv_renderer_dispatch(LVDrawMsg); LV_DRAW; prepared build,gadtools LVDrawMsg; platform; ascii_columns; ops/bind,LEAVE_IN_LEGACY_REPOSITORY,
src/custom_listview/clv_renderer_columns.c,LEGACY_GADTOOLS,High,PRIVATE_INTERNAL;LEAVE_BEHIND,CLV_RENDERER_CORE_OBJS draw-*+full,divider reserve; line styles; Phase-2 decor,gadtools LVDrawMsg; platform; ascii_columns; ops/bind,LEAVE_IN_LEGACY_REPOSITORY,
src/custom_listview/clv_renderer_ops.c,LEGACY_GADTOOLS,High,PRIVATE_INTERNAL;LEAVE_BEHIND,CLV_RENDERER_CORE_OBJS draw-*+full,g_clv_opt_fns ops table; single-fragment path,gadtools LVDrawMsg; platform; ascii_columns; ops/bind,LEAVE_IN_LEGACY_REPOSITORY,
src/custom_listview/clv_renderer_internal.h,LEGACY_GADTOOLS,High,PRIVATE_INTERNAL;LEAVE_BEHIND,CLV_RENDERER_CORE_OBJS draw-*+full,private renderer types; bind install decls; includes gadtools,gadtools LVDrawMsg; platform; ascii_columns; ops/bind,LEAVE_IN_LEGACY_REPOSITORY,
src/custom_listview/clv_prepared_display_map.c,LEGACY_GADTOOLS,High,PRIVATE_INTERNAL;LEAVE_BEHIND,CLV_RENDERER_CORE_OBJS draw-*+full,geometric growth for physical display maps (GadTools multi-node wrap),gadtools LVDrawMsg; platform; ascii_columns; ops/bind,LEAVE_IN_LEGACY_REPOSITORY,
src/custom_listview/clv_prepared_internal.h,LEGACY_GADTOOLS,High,PRIVATE_INTERNAL;LEAVE_BEHIND,CLV_RENDERER_CORE_OBJS draw-*+full,prepared-list map helpers,gadtools LVDrawMsg; platform; ascii_columns; ops/bind,LEAVE_IN_LEGACY_REPOSITORY,
src/custom_listview/clv_renderer_setup.h,LEGACY_GADTOOLS,Medium,PRIVATE_INTERNAL;COPY_CANDIDATE,renderer_core; host tests,viewport/continuation-guide geometry helpers; host-testable,types,REWRITE_FOR_RICHLISTVIEW,Medium: algorithmically useful but APIs assume drawn-GadTools presentation
src/custom_listview/clv_renderer_setup.c,LEGACY_GADTOOLS,Medium,PRIVATE_INTERNAL;COPY_CANDIDATE,CLV_RENDERER_CORE_OBJS,pure cell-presentation / viewport geometry,renderer_setup.h,REWRITE_FOR_RICHLISTVIEW,Control has own layout; do not copy blindly
src/custom_listview/clv_selection.h,LEGACY_GADTOOLS,High,PUBLIC_API;LEAVE_BEHIND,draw-selected+; cellctl; wrapped; styled; details; full,clv_handle_selection; GTLV_Selected restore docs,prepared maps,LEAVE_IN_LEGACY_REPOSITORY,
src/custom_listview/clv_selection.c,LEGACY_GADTOOLS,High,LEAVE_BEHIND,CLV_SELECTION_OBJS,GT_SetGadgetAttrs(GTLV_Selected); reject special rows,gadtools; prepared,LEAVE_IN_LEGACY_REPOSITORY,Control selection is logical-row state — different semantics
src/custom_listview/clv_pixel_wrap.c,LEGACY_GADTOOLS,High,LEAVE_BEHIND;DUPLICATE_CANDIDATE,CLV_PIXEL_WRAP_OBJS + bind_wrapped/details/full,pixel wrap install into ops; algorithm source for control_wrap copy,renderer_internal; platform,LEAVE_IN_LEGACY_REPOSITORY,Rich already forked algorithm in clv_control_wrap.c
src/custom_listview/clv_icons.c,LEGACY_GADTOOLS,High,LEAVE_BEHIND,CLV_ICON_OBJS,clv_icons_install; status/sort indicators in LV_DRAW,renderer ops,REWRITE_FOR_RICHLISTVIEW,
src/custom_listview/clv_styles.c,LEGACY_GADTOOLS,High,LEAVE_BEHIND,CLV_STYLE_OBJS,clv_styles_install soft styles,renderer ops,REWRITE_FOR_RICHLISTVIEW,
src/custom_listview/clv_details.h,LEGACY_GADTOOLS,High,PUBLIC_API;LEAVE_BEHIND,draw-details; full,details builder + Hook* view API,renderer,LEAVE_IN_LEGACY_REPOSITORY,
src/custom_listview/clv_details.c,LEGACY_GADTOOLS,High,LEAVE_BEHIND,CLV_DETAILS_OBJS,semantic details builder,details_prepare; renderer,REWRITE_FOR_RICHLISTVIEW,
src/custom_listview/clv_details_prepare.c,LEGACY_GADTOOLS,High,LEAVE_BEHIND,CLV_DETAILS_OBJS,prepared-list construction for details,renderer prepare; ops,LEAVE_IN_LEGACY_REPOSITORY,
src/custom_listview/clv_bind_none.c,LEGACY_GADTOOLS,High,PRIVATE_INTERNAL;LEAVE_BEHIND,draw-basic; draw-selected,clv_renderer_bind_optional installs: empty bind,renderer_ops; optional modules,LEAVE_IN_LEGACY_REPOSITORY,Binder-only; easy to miss as unused
src/custom_listview/clv_bind_wrapped.c,LEGACY_GADTOOLS,High,PRIVATE_INTERNAL;LEAVE_BEHIND,draw-wrapped,clv_renderer_bind_optional installs: pixel_wrap_install,renderer_ops; optional modules,LEAVE_IN_LEGACY_REPOSITORY,Binder-only; easy to miss as unused
src/custom_listview/clv_bind_styled.c,LEGACY_GADTOOLS,High,PRIVATE_INTERNAL;LEAVE_BEHIND,draw-styled,clv_renderer_bind_optional installs: icons+styles install,renderer_ops; optional modules,LEAVE_IN_LEGACY_REPOSITORY,Binder-only; easy to miss as unused
src/custom_listview/clv_bind_details.c,LEGACY_GADTOOLS,High,PRIVATE_INTERNAL;LEAVE_BEHIND,draw-details,clv_renderer_bind_optional installs: wrap+icons+styles,renderer_ops; optional modules,LEAVE_IN_LEGACY_REPOSITORY,Binder-only; easy to miss as unused
src/custom_listview/clv_bind_full.c,LEGACY_GADTOOLS,High,PRIVATE_INTERNAL;LEAVE_BEHIND,full-smoke,clv_renderer_bind_optional installs: wrap+icons+styles,renderer_ops; optional modules,LEAVE_IN_LEGACY_REPOSITORY,Binder-only; easy to miss as unused
src/custom_listview/clv_bind_cellctl.c,LEGACY_GADTOOLS,High,PRIVATE_INTERNAL;LEAVE_BEHIND,draw-cellctl-checkbox,clv_renderer_bind_optional installs: cellctl_install,renderer_ops; optional modules,LEAVE_IN_LEGACY_REPOSITORY,Binder-only; easy to miss as unused
src/custom_listview/clv_cellctl.h,LEGACY_GADTOOLS,High,PUBLIC_API;MISLEADING_NAME;LEAVE_BEHIND,draw-cellctl-checkbox,GadTools control-cell API; parallel to clv_control checkbox,renderer; selection,LEAVE_IN_LEGACY_REPOSITORY,Name suggests product cells; clv_control.h says non-authoritative
src/custom_listview/clv_cellctl_core.c,LEGACY_GADTOOLS,High,LEAVE_BEHIND,CLV_CELLCTL_OBJS,mouse hit; GTLV geometry queries,gadtools; renderer; cellctl_geom,LEAVE_IN_LEGACY_REPOSITORY,
src/custom_listview/clv_cellctl_checkbox.c,LEGACY_GADTOOLS,High,LEAVE_BEHIND;MISLEADING_NAME,CLV_CELLCTL_OBJS,checkbox paint in LV_DRAW hook,cellctl_internal; renderer,LEAVE_IN_LEGACY_REPOSITORY,
src/custom_listview/clv_cellctl_geom.c,GENERIC_REUSABLE,Medium,COPY_CANDIDATE;DUPLICATE_CANDIDATE,CLV_CELLCTL_OBJS; host cellctl_geom tests,pure checkbox geometry/state; host-tested,clv_cellctl_geom.h,DUPLICATE_SMALL_GENERIC_MODULE,Medium: control uses own clv_control_checkbox.c — duplication already exists
src/custom_listview/clv_cellctl_geom.h,GENERIC_REUSABLE,Medium,PUBLIC_API;COPY_CANDIDATE,cellctl + host tests,geom API,none,DUPLICATE_SMALL_GENERIC_MODULE,
src/custom_listview/clv_cellctl_internal.h,LEGACY_GADTOOLS,High,PRIVATE_INTERNAL;LEAVE_BEHIND,cellctl modules,install/paint/hit internals,renderer_internal,LEAVE_IN_LEGACY_REPOSITORY,
src/custom_listview_control/clv_control.h,RICHLISTVIEW,High,PUBLIC_API;MOVE_CANDIDATE;LEGACY_DEPENDENCY,custom-control-demo; -log; -bench; -nosmart,clv_control_create/destroy/render/handle_input; not LISTVIEW_KIND,clv_control_draw.h; custom_listview/clv_types.h,COPY_TO_RICHLISTVIEW_THEN_CLEAN,Includes legacy clv_types.h
src/custom_listview_control/clv_control_draw.h,RICHLISTVIEW,High,PUBLIC_API;MOVE_CANDIDATE,custom-control-demo; -log; -bench; -nosmart,CLV_DrawOps; CLV_Pens; no clv_renderer.h,none architecture-specific,MOVE_TO_RICHLISTVIEW,
src/custom_listview_control/clv_control_platform.h,RICHLISTVIEW,High,PUBLIC_API;MOVE_CANDIDATE;LEGACY_DEPENDENCY,custom-control-demo; -log; -bench; -nosmart,includes custom_listview/clv_platform.h,clv_platform.h,COPY_TO_RICHLISTVIEW_THEN_CLEAN,
src/custom_listview_control/clv_control_internal.h,RICHLISTVIEW,High,PRIVATE_INTERNAL;MOVE_CANDIDATE;LEGACY_DEPENDENCY,custom-control-demo; -log; -bench; -nosmart,struct CLV_Control; includes clv_bench_internal.h,platform; bench; draw_ops,COPY_TO_RICHLISTVIEW_THEN_CLEAN,
src/custom_listview_control/clv_control.c,RICHLISTVIEW,High,MOVE_CANDIDATE;LEGACY_DEPENDENCY,custom-control-demo; -log; -bench; -nosmart,create/destroy/setters/render entry,clv_platform_malloc/free; layout; scroll,COPY_TO_RICHLISTVIEW_THEN_CLEAN,
src/custom_listview_control/clv_control_layout.c,RICHLISTVIEW,High,MOVE_CANDIDATE;LEGACY_DEPENDENCY,custom-control-demo; -log; -bench; -nosmart,layout_rebuild; column geom; row heights,platform; wrap_prepare; CLV_PixelColumn,COPY_TO_RICHLISTVIEW_THEN_CLEAN,
src/custom_listview_control/clv_control_wrap.c,RICHLISTVIEW,High,MOVE_CANDIDATE;LEGACY_DEPENDENCY;DUPLICATE_CANDIDATE,custom-control-demo; -log; -bench; -nosmart,pixel wrap prepare; adapted from clv_pixel_wrap without linking,platform; draw_ops text_width/fit,COPY_TO_RICHLISTVIEW_THEN_CLEAN,
src/custom_listview_control/clv_control_render.c,RICHLISTVIEW,High,MOVE_CANDIDATE,custom-control-demo; -log; -bench; -nosmart,full/viewport/partial/smart-scroll paint; no LVDrawMsg,draw_ops; checkbox paint,MOVE_TO_RICHLISTVIEW,
src/custom_listview_control/clv_control_checkbox.c,RICHLISTVIEW,High,MOVE_CANDIDATE,custom-control-demo; -log; -bench; -nosmart,checkbox resolve/paint for control,draw_ops; cell snapshot,MOVE_TO_RICHLISTVIEW,
src/custom_listview_control/clv_control_input.c,RICHLISTVIEW,High,MOVE_CANDIDATE,custom-control-demo; -log; -bench; -nosmart,hit_test; selection; keyboard NAV; CELL_CONTROL events,checkbox; scroll; layout,MOVE_TO_RICHLISTVIEW,
src/custom_listview_control/clv_control_scroll.c,RICHLISTVIEW,High,MOVE_CANDIDATE,custom-control-demo; -log; -bench; -nosmart,scroll_y clamp; content/viewport height,CLV_Control only,MOVE_TO_RICHLISTVIEW,
src/custom_listview_control/clv_control_log.h,RICHLISTVIEW,High,PRIVATE_INTERNAL;MOVE_CANDIDATE;MISLEADING_NAME,custom-control-demo-log,clv_log_init/write macros; collides with legacy clv_log.h names,none,COPY_TO_RICHLISTVIEW_THEN_CLEAN,Rename later to clv_ctrl_log_*
src/custom_listview_control/clv_control_log.c,RICHLISTVIEW,High,PRIVATE_INTERNAL;MOVE_CANDIDATE,custom-control-demo-log only,PROGDIR logger implementation,DOS,MOVE_TO_RICHLISTVIEW,
src/custom_listview_control/backends/clv_backend_amiga_v36.h,RICHLISTVIEW,High,PUBLIC_API;MOVE_CANDIDATE,custom-control-demo; -log; -bench; -nosmart,clv_backend_v36_*; No LISTVIEW_KIND comment,CLV_DrawOps,MOVE_TO_RICHLISTVIEW,
src/custom_listview_control/backends/clv_backend_amiga_v36.c,RICHLISTVIEW,High,MOVE_CANDIDATE;LEGACY_DEPENDENCY,custom-control-demo; -log; -bench; -nosmart,implements DrawOps; ScrollRaster smart scroll,clv_platform_*; clv_bench_internal.h; graphics,COPY_TO_RICHLISTVIEW_THEN_CLEAN,
examples/00_extraction_smoke_test/main.c,DEMO_OR_TEST,High,LEAVE_BEHIND,full-smoke,smoke of native modules,legacy CLV modules,LEAVE_IN_LEGACY_REPOSITORY,
examples/00_extraction_smoke_test/README.md,DOCUMENTATION,High,LEAVE_BEHIND,full-smoke,smoke of native modules,legacy CLV modules,LEAVE_IN_LEGACY_REPOSITORY,
examples/01_ascii_minimal/main.c,DEMO_OR_TEST,High,LEAVE_BEHIND,ascii-minimal,CreateGadget LISTVIEW_KIND; justified labels,legacy CLV modules,LEAVE_IN_LEGACY_REPOSITORY,
examples/01_ascii_minimal/README.md,DOCUMENTATION,High,LEAVE_BEHIND,ascii-minimal,CreateGadget LISTVIEW_KIND; justified labels,legacy CLV modules,LEAVE_IN_LEGACY_REPOSITORY,
examples/02_ascii_tracked/main.c,DEMO_OR_TEST,High,LEAVE_BEHIND,ascii-tracked,cell tracking,legacy CLV modules,LEAVE_IN_LEGACY_REPOSITORY,
examples/02_ascii_tracked/README.md,DOCUMENTATION,High,LEAVE_BEHIND,ascii-tracked,cell tracking,legacy CLV modules,LEAVE_IN_LEGACY_REPOSITORY,
examples/03_ascii_sorted/main.c,DEMO_OR_TEST,High,LEAVE_BEHIND,ascii-sorted,sort,legacy CLV modules,LEAVE_IN_LEGACY_REPOSITORY,
examples/03_ascii_sorted/README.md,DOCUMENTATION,High,LEAVE_BEHIND,ascii-sorted,sort,legacy CLV modules,LEAVE_IN_LEGACY_REPOSITORY,
examples/04_ascii_wrapped/main.c,DEMO_OR_TEST,High,LEAVE_BEHIND,ascii-wrapped,char wrap,legacy CLV modules,LEAVE_IN_LEGACY_REPOSITORY,
examples/04_ascii_wrapped/README.md,DOCUMENTATION,High,LEAVE_BEHIND,ascii-wrapped,char wrap,legacy CLV modules,LEAVE_IN_LEGACY_REPOSITORY,
examples/05_draw_basic/main.c,DEMO_OR_TEST,High,LEAVE_BEHIND,draw-basic,GTLV_CallBack + prepared labels,legacy CLV modules,LEAVE_IN_LEGACY_REPOSITORY,
examples/05_draw_basic/README.md,DOCUMENTATION,High,LEAVE_BEHIND,draw-basic,GTLV_CallBack + prepared labels,legacy CLV modules,LEAVE_IN_LEGACY_REPOSITORY,
examples/05_draw_cellctl_checkbox/main.c,DEMO_OR_TEST,High,LEAVE_BEHIND;MISLEADING_NAME,draw-cellctl-checkbox,legacy GadTools cellctl,legacy CLV modules,LEAVE_IN_LEGACY_REPOSITORY,
examples/05_draw_cellctl_checkbox/README.md,DOCUMENTATION,High,LEAVE_BEHIND;MISLEADING_NAME,draw-cellctl-checkbox,legacy GadTools cellctl,legacy CLV modules,LEAVE_IN_LEGACY_REPOSITORY,
examples/06_draw_wrapped/main.c,DEMO_OR_TEST,High,LEAVE_BEHIND,draw-wrapped,pixel wrap + selection,legacy CLV modules,LEAVE_IN_LEGACY_REPOSITORY,
examples/06_draw_wrapped/README.md,DOCUMENTATION,High,LEAVE_BEHIND,draw-wrapped,pixel wrap + selection,legacy CLV modules,LEAVE_IN_LEGACY_REPOSITORY,
examples/07_draw_icons_styles/main.c,DEMO_OR_TEST,High,LEAVE_BEHIND,draw-styled,icons/styles,legacy CLV modules,LEAVE_IN_LEGACY_REPOSITORY,
examples/07_draw_icons_styles/README.md,DOCUMENTATION,High,LEAVE_BEHIND,draw-styled,icons/styles,legacy CLV modules,LEAVE_IN_LEGACY_REPOSITORY,
examples/08_draw_details/main.c,DEMO_OR_TEST,High,LEAVE_BEHIND,draw-details,details builder,legacy CLV modules,LEAVE_IN_LEGACY_REPOSITORY,
examples/08_draw_details/README.md,DOCUMENTATION,High,LEAVE_BEHIND,draw-details,details builder,legacy CLV modules,LEAVE_IN_LEGACY_REPOSITORY,
examples/custom_control_demo/main.c,DEMO_OR_TEST,High,MOVE_CANDIDATE;COPY_CANDIDATE,custom-control-demo*,IDCMP→CLV_InputEvent; SCROLLER_KIND companion; paints via clv_control_render,clv_control_*; backend_v36; platform,COPY_TO_RICHLISTVIEW_THEN_CLEAN,Working reference app — copy first
examples/custom_control_demo/README.md,DOCUMENTATION,High,MOVE_CANDIDATE;COPY_CANDIDATE,docs for control demo,documents no LISTVIEW_KIND; control architecture,none,COPY_TO_RICHLISTVIEW_THEN_CLEAN,
examples/ascii_sort_stub.c,DEMO_OR_TEST,High,LEAVE_BEHIND;DEAD_OR_UNREFERENCED,historical/stub,stub example remnants,legacy,ARCHIVE_OR_REMOVE_LATER,Verify Makefile references before removal
examples/ascii_wrap_stub.c,DEMO_OR_TEST,High,LEAVE_BEHIND;DEAD_OR_UNREFERENCED,historical/stub,stub example remnants,legacy,ARCHIVE_OR_REMOVE_LATER,Verify Makefile references before removal
examples/draw_details_stub.c,DEMO_OR_TEST,High,LEAVE_BEHIND;DEAD_OR_UNREFERENCED,historical/stub,stub example remnants,legacy,ARCHIVE_OR_REMOVE_LATER,Verify Makefile references before removal
examples/size_compare/size_shell.c,DEMO_OR_TEST,High,LEAVE_BEHIND,make size-* / sizes,like-for-like size harness for v1 profiles,legacy profile libs,LEAVE_IN_LEGACY_REPOSITORY,
examples/size_compare/size_shell.h,DEMO_OR_TEST,High,LEAVE_BEHIND,make size-* / sizes,like-for-like size harness for v1 profiles,legacy profile libs,LEAVE_IN_LEGACY_REPOSITORY,
examples/size_compare/size_ascii_minimal.c,DEMO_OR_TEST,High,LEAVE_BEHIND,make size-* / sizes,like-for-like size harness for v1 profiles,legacy profile libs,LEAVE_IN_LEGACY_REPOSITORY,
examples/size_compare/size_ascii_sorted.c,DEMO_OR_TEST,High,LEAVE_BEHIND,make size-* / sizes,like-for-like size harness for v1 profiles,legacy profile libs,LEAVE_IN_LEGACY_REPOSITORY,
examples/size_compare/size_ascii_tracked.c,DEMO_OR_TEST,High,LEAVE_BEHIND,make size-* / sizes,like-for-like size harness for v1 profiles,legacy profile libs,LEAVE_IN_LEGACY_REPOSITORY,
examples/size_compare/size_ascii_wrapped.c,DEMO_OR_TEST,High,LEAVE_BEHIND,make size-* / sizes,like-for-like size harness for v1 profiles,legacy profile libs,LEAVE_IN_LEGACY_REPOSITORY,
examples/size_compare/size_draw_basic.c,DEMO_OR_TEST,High,LEAVE_BEHIND,make size-* / sizes,like-for-like size harness for v1 profiles,legacy profile libs,LEAVE_IN_LEGACY_REPOSITORY,
examples/size_compare/size_draw_cellctl_checkbox.c,DEMO_OR_TEST,High,LEAVE_BEHIND,make size-* / sizes,like-for-like size harness for v1 profiles,legacy profile libs,LEAVE_IN_LEGACY_REPOSITORY,
examples/size_compare/size_draw_details.c,DEMO_OR_TEST,High,LEAVE_BEHIND,make size-* / sizes,like-for-like size harness for v1 profiles,legacy profile libs,LEAVE_IN_LEGACY_REPOSITORY,
examples/size_compare/size_draw_selected.c,DEMO_OR_TEST,High,LEAVE_BEHIND,make size-* / sizes,like-for-like size harness for v1 profiles,legacy profile libs,LEAVE_IN_LEGACY_REPOSITORY,
examples/size_compare/size_draw_styled.c,DEMO_OR_TEST,High,LEAVE_BEHIND,make size-* / sizes,like-for-like size harness for v1 profiles,legacy profile libs,LEAVE_IN_LEGACY_REPOSITORY,
examples/size_compare/size_draw_wrapped.c,DEMO_OR_TEST,High,LEAVE_BEHIND,make size-* / sizes,like-for-like size harness for v1 profiles,legacy profile libs,LEAVE_IN_LEGACY_REPOSITORY,
examples/size_compare/size_full.c,DEMO_OR_TEST,High,LEAVE_BEHIND,make size-* / sizes,like-for-like size harness for v1 profiles,legacy profile libs,LEAVE_IN_LEGACY_REPOSITORY,
examples/size_compare/README.md,DOCUMENTATION,High,LEAVE_BEHIND,make size-* / sizes,like-for-like size harness for v1 profiles,legacy profile libs,LEAVE_IN_LEGACY_REPOSITORY,
Makefile,BUILD_OR_TOOLING,High,SPLIT_REQUIRED;MISLEADING_NAME,all Amiga targets,hosts both CLV_* profile libs and CLV_CUSTOM_CONTROL_* targets,all src,SPLIT_FILE_BEFORE_OR_DURING_EXTRACTION,Wildcard risk low (explicit object lists); but one Makefile for both arches
templates/Makefile,BUILD_OR_TOOLING,High,LEAVE_BEHIND,templates,template window builds,templates,LEAVE_IN_LEGACY_REPOSITORY,
tests/host/Makefile,BUILD_OR_TOOLING,High,LEAVE_BEHIND,host GCC tests,links real src/*.c with stubs — v1 modules,src/custom_listview,LEAVE_IN_LEGACY_REPOSITORY,
tests/header_audit/Makefile,BUILD_OR_TOOLING,High,LEAVE_BEHIND,header audit,v1 public header compile matrix,src/custom_listview,LEAVE_IN_LEGACY_REPOSITORY,
tools/generate_profile_config.ps1,BUILD_OR_TOOLING,High,LEAVE_BEHIND,validate-* / sizes / header audit,v1 profile/ABI/size validation,Makefile profiles,LEAVE_IN_LEGACY_REPOSITORY,
tools/header_audit_inventory.py,BUILD_OR_TOOLING,High,LEAVE_BEHIND,validate-* / sizes / header audit,v1 profile/ABI/size validation,Makefile profiles,LEAVE_IN_LEGACY_REPOSITORY,
tools/size_report.ps1,BUILD_OR_TOOLING,High,LEAVE_BEHIND,validate-* / sizes / header audit,v1 profile/ABI/size validation,Makefile profiles,LEAVE_IN_LEGACY_REPOSITORY,
tools/validate_abi.ps1,BUILD_OR_TOOLING,High,LEAVE_BEHIND,validate-* / sizes / header audit,v1 profile/ABI/size validation,Makefile profiles,LEAVE_IN_LEGACY_REPOSITORY,
tools/validate_benchmark_report.ps1,BUILD_OR_TOOLING,High,LEAVE_BEHIND,validate-* / sizes / header audit,v1 profile/ABI/size validation,Makefile profiles,LEAVE_IN_LEGACY_REPOSITORY,
tools/validate_cellctl_omission.ps1,BUILD_OR_TOOLING,High,LEAVE_BEHIND,validate-* / sizes / header audit,v1 profile/ABI/size validation,Makefile profiles,LEAVE_IN_LEGACY_REPOSITORY,
tools/validate_layout.ps1,BUILD_OR_TOOLING,High,LEAVE_BEHIND,validate-* / sizes / header audit,v1 profile/ABI/size validation,Makefile profiles,LEAVE_IN_LEGACY_REPOSITORY,
tools/validate_no_host_branches.ps1,BUILD_OR_TOOLING,High,LEAVE_BEHIND,validate-* / sizes / header audit,v1 profile/ABI/size validation,Makefile profiles,LEAVE_IN_LEGACY_REPOSITORY,
tools/validate_no_wb3c_compat.ps1,BUILD_OR_TOOLING,High,LEAVE_BEHIND,validate-* / sizes / header audit,v1 profile/ABI/size validation,Makefile profiles,LEAVE_IN_LEGACY_REPOSITORY,
tools/validate_platform.ps1,BUILD_OR_TOOLING,High,LEAVE_BEHIND,validate-* / sizes / header audit,v1 profile/ABI/size validation,Makefile profiles,LEAVE_IN_LEGACY_REPOSITORY,
tools/validate_profile_config.ps1,BUILD_OR_TOOLING,High,LEAVE_BEHIND,validate-* / sizes / header audit,v1 profile/ABI/size validation,Makefile profiles,LEAVE_IN_LEGACY_REPOSITORY,
tools/write_header_audit_docs.py,BUILD_OR_TOOLING,High,LEAVE_BEHIND,validate-* / sizes / header audit,v1 profile/ABI/size validation,Makefile profiles,LEAVE_IN_LEGACY_REPOSITORY,
templates/AI_AGENT_GETTING_STARTED.md,DOCUMENTATION,High,LEAVE_BEHIND,templates / agent guidance,GadTools window/gadget lifecycle templates,intuition/gadtools,LEAVE_IN_LEGACY_REPOSITORY,Still useful for apps embedding either LV; not RichListview control code
templates/AI_AGENT_GUIDE.md,DOCUMENTATION,High,LEAVE_BEHIND,templates / agent guidance,GadTools window/gadget lifecycle templates,intuition/gadtools,LEAVE_IN_LEGACY_REPOSITORY,Still useful for apps embedding either LV; not RichListview control code
templates/AI_AGENT_LAYOUT_GUIDE.md,DOCUMENTATION,High,LEAVE_BEHIND,templates / agent guidance,GadTools window/gadget lifecycle templates,intuition/gadtools,LEAVE_IN_LEGACY_REPOSITORY,Still useful for apps embedding either LV; not RichListview control code
templates/AI_AGENT_QUICK_REFERENCE.md,DOCUMENTATION,High,LEAVE_BEHIND,templates / agent guidance,GadTools window/gadget lifecycle templates,intuition/gadtools,LEAVE_IN_LEGACY_REPOSITORY,Still useful for apps embedding either LV; not RichListview control code
templates/amiga_window_template.c,DEMO_OR_TEST,High,LEAVE_BEHIND,templates / agent guidance,GadTools window/gadget lifecycle templates,intuition/gadtools,LEAVE_IN_LEGACY_REPOSITORY,Still useful for apps embedding either LV; not RichListview control code
templates/amiga_window_template.h,DEMO_OR_TEST,High,LEAVE_BEHIND,templates / agent guidance,GadTools window/gadget lifecycle templates,intuition/gadtools,LEAVE_IN_LEGACY_REPOSITORY,Still useful for apps embedding either LV; not RichListview control code
templates/amiga_window_menus_template.c,DEMO_OR_TEST,High,LEAVE_BEHIND,templates / agent guidance,GadTools window/gadget lifecycle templates,intuition/gadtools,LEAVE_IN_LEGACY_REPOSITORY,Still useful for apps embedding either LV; not RichListview control code
templates/amiga_window_resize_template.c,DEMO_OR_TEST,High,LEAVE_BEHIND,templates / agent guidance,GadTools window/gadget lifecycle templates,intuition/gadtools,LEAVE_IN_LEGACY_REPOSITORY,Still useful for apps embedding either LV; not RichListview control code
templates/amiga_window_resize_template.old.c,DEMO_OR_TEST,High,LEAVE_BEHIND,templates / agent guidance,GadTools window/gadget lifecycle templates,intuition/gadtools,LEAVE_IN_LEGACY_REPOSITORY,Still useful for apps embedding either LV; not RichListview control code
templates/PROFESSIONAL_WINDOW_LAYOUT_TEMPLATE.c,DEMO_OR_TEST,High,LEAVE_BEHIND,templates / agent guidance,GadTools window/gadget lifecycle templates,intuition/gadtools,LEAVE_IN_LEGACY_REPOSITORY,Still useful for apps embedding either LV; not RichListview control code
templates/test_window_template.c,DEMO_OR_TEST,High,LEAVE_BEHIND,templates / agent guidance,GadTools window/gadget lifecycle templates,intuition/gadtools,LEAVE_IN_LEGACY_REPOSITORY,Still useful for apps embedding either LV; not RichListview control code
templates/COMPILATION_SUCCESS.md,DOCUMENTATION,High,LEAVE_BEHIND,templates / agent guidance,GadTools window/gadget lifecycle templates,intuition/gadtools,LEAVE_IN_LEGACY_REPOSITORY,Still useful for apps embedding either LV; not RichListview control code
templates/CONSOLE_OUTPUT_FIX.md,DOCUMENTATION,High,LEAVE_BEHIND,templates / agent guidance,GadTools window/gadget lifecycle templates,intuition/gadtools,LEAVE_IN_LEGACY_REPOSITORY,Still useful for apps embedding either LV; not RichListview control code
templates/GUI_Styling.md,DOCUMENTATION,High,LEAVE_BEHIND,templates / agent guidance,GadTools window/gadget lifecycle templates,intuition/gadtools,LEAVE_IN_LEGACY_REPOSITORY,Still useful for apps embedding either LV; not RichListview control code
templates/LAYOUT_SYSTEM_OVERVIEW.md,DOCUMENTATION,High,LEAVE_BEHIND,templates / agent guidance,GadTools window/gadget lifecycle templates,intuition/gadtools,LEAVE_IN_LEGACY_REPOSITORY,Still useful for apps embedding either LV; not RichListview control code
templates/PLACETEXT_ABOVE_FIX.md,DOCUMENTATION,High,LEAVE_BEHIND,templates / agent guidance,GadTools window/gadget lifecycle templates,intuition/gadtools,LEAVE_IN_LEGACY_REPOSITORY,Still useful for apps embedding either LV; not RichListview control code
templates/QUICK_REFERENCE.md,DOCUMENTATION,High,LEAVE_BEHIND,templates / agent guidance,GadTools window/gadget lifecycle templates,intuition/gadtools,LEAVE_IN_LEGACY_REPOSITORY,Still useful for apps embedding either LV; not RichListview control code
templates/README_RESIZE_TEMPLATE.md,DOCUMENTATION,High,LEAVE_BEHIND,templates / agent guidance,GadTools window/gadget lifecycle templates,intuition/gadtools,LEAVE_IN_LEGACY_REPOSITORY,Still useful for apps embedding either LV; not RichListview control code
templates/README_TEMPLATE.md,DOCUMENTATION,High,LEAVE_BEHIND,templates / agent guidance,GadTools window/gadget lifecycle templates,intuition/gadtools,LEAVE_IN_LEGACY_REPOSITORY,Still useful for apps embedding either LV; not RichListview control code
templates/WINDOW_BOTTOM_BORDER_FIX.md,DOCUMENTATION,High,LEAVE_BEHIND,templates / agent guidance,GadTools window/gadget lifecycle templates,intuition/gadtools,LEAVE_IN_LEGACY_REPOSITORY,Still useful for apps embedding either LV; not RichListview control code
templates/amiga_gui_research_3x.md,DOCUMENTATION,High,LEAVE_BEHIND,templates / agent guidance,GadTools window/gadget lifecycle templates,intuition/gadtools,LEAVE_IN_LEGACY_REPOSITORY,Still useful for apps embedding either LV; not RichListview control code
templates/iTidy_Advanced_Settings_Layout_Guide.md,DOCUMENTATION,High,LEAVE_BEHIND,templates / agent guidance,GadTools window/gadget lifecycle templates,intuition/gadtools,LEAVE_IN_LEGACY_REPOSITORY,Still useful for apps embedding either LV; not RichListview control code
templates/Clearing Window Contents Before Gadget Re-Add in GadTools.txt,DOCUMENTATION,High,LEAVE_BEHIND,templates / agent guidance,GadTools window/gadget lifecycle templates,intuition/gadtools,LEAVE_IN_LEGACY_REPOSITORY,Still useful for apps embedding either LV; not RichListview control code
templates/Resizable GadTools Forms on Amiga Workbench 3.0.txt,DOCUMENTATION,High,LEAVE_BEHIND,templates / agent guidance,GadTools window/gadget lifecycle templates,intuition/gadtools,LEAVE_IN_LEGACY_REPOSITORY,Still useful for apps embedding either LV; not RichListview control code
README.md,DOCUMENTATION,High,STALE_DOCUMENTATION;MISLEADING_NAME;SPLIT_REQUIRED,repo front page,Describes only GadTools LISTVIEW_KIND enhancement; omits custom_control_demo,none,REQUIRES_MANUAL_DECISION,Should eventually document both arches or split repos
AGENTS.md,DOCUMENTATION,High,STALE_DOCUMENTATION;MISLEADING_NAME,agent instructions,Primary guidance is GadTools ListView enhancer; barely mentions full custom control,none,REQUIRES_MANUAL_DECISION,
.github/copilot-instructions.md,DOCUMENTATION,High,STALE_DOCUMENTATION,Copilot,mirrors AGENTS legacy focus,none,REQUIRES_MANUAL_DECISION,
DISPLAY_MAP_CAPACITY_REFACTOR_REPORT.md,DOCUMENTATION,High,LEAVE_BEHIND;STALE_DOCUMENTATION,historical,v1 display map capacity,none,ARCHIVE_OR_REMOVE_LATER,
tests/host/main.c,DEMO_OR_TEST,High,LEAVE_BEHIND,tests/host make test,host GCC regression of v1 modules (not control),src/custom_listview,LEAVE_IN_LEGACY_REPOSITORY,
tests/host/ascii_format_regression.c,DEMO_OR_TEST,High,LEAVE_BEHIND,tests/host make test,host GCC regression of v1 modules (not control),src/custom_listview,LEAVE_IN_LEGACY_REPOSITORY,
tests/host/clv_host_test_helpers.c,DEMO_OR_TEST,High,LEAVE_BEHIND,tests/host make test,host GCC regression of v1 modules (not control),src/custom_listview,LEAVE_IN_LEGACY_REPOSITORY,
tests/host/clv_host_test_helpers.h,DEMO_OR_TEST,High,LEAVE_BEHIND,tests/host make test,host GCC regression of v1 modules (not control),src/custom_listview,LEAVE_IN_LEGACY_REPOSITORY,
tests/host/clv_platform_test.c,DEMO_OR_TEST,High,LEAVE_BEHIND,tests/host make test,host GCC regression of v1 modules (not control),src/custom_listview,LEAVE_IN_LEGACY_REPOSITORY,
tests/host/continuation_guide_tests.c,DEMO_OR_TEST,High,LEAVE_BEHIND,tests/host make test,host GCC regression of v1 modules (not control),src/custom_listview,LEAVE_IN_LEGACY_REPOSITORY,
tests/host/ownership_main.c,DEMO_OR_TEST,High,LEAVE_BEHIND,tests/host make test,host GCC regression of v1 modules (not control),src/custom_listview,LEAVE_IN_LEGACY_REPOSITORY,
tests/host/ownership_tests.c,DEMO_OR_TEST,High,LEAVE_BEHIND,tests/host make test,host GCC regression of v1 modules (not control),src/custom_listview,LEAVE_IN_LEGACY_REPOSITORY,
tests/host/path_shortening_characterise.c,DEMO_OR_TEST,High,LEAVE_BEHIND,tests/host make test,host GCC regression of v1 modules (not control),src/custom_listview,LEAVE_IN_LEGACY_REPOSITORY,
tests/host/path_shortening_harness.c,DEMO_OR_TEST,High,LEAVE_BEHIND,tests/host make test,host GCC regression of v1 modules (not control),src/custom_listview,LEAVE_IN_LEGACY_REPOSITORY,
tests/host/path_shortening_harness.h,DEMO_OR_TEST,High,LEAVE_BEHIND,tests/host make test,host GCC regression of v1 modules (not control),src/custom_listview,LEAVE_IN_LEGACY_REPOSITORY,
tests/host/path_shortening_main.c,DEMO_OR_TEST,High,LEAVE_BEHIND,tests/host make test,host GCC regression of v1 modules (not control),src/custom_listview,LEAVE_IN_LEGACY_REPOSITORY,
tests/host/path_shortening_tests.c,DEMO_OR_TEST,High,LEAVE_BEHIND,tests/host make test,host GCC regression of v1 modules (not control),src/custom_listview,LEAVE_IN_LEGACY_REPOSITORY,
tests/host/prepared_display_map_main.c,DEMO_OR_TEST,High,LEAVE_BEHIND,tests/host make test,host GCC regression of v1 modules (not control),src/custom_listview,LEAVE_IN_LEGACY_REPOSITORY,
tests/host/prepared_display_map_tests.c,DEMO_OR_TEST,High,LEAVE_BEHIND,tests/host make test,host GCC regression of v1 modules (not control),src/custom_listview,LEAVE_IN_LEGACY_REPOSITORY,
tests/host/renderer_setup_characterise.c,DEMO_OR_TEST,High,LEAVE_BEHIND,tests/host make test,host GCC regression of v1 modules (not control),src/custom_listview,LEAVE_IN_LEGACY_REPOSITORY,
tests/host/renderer_setup_harness.c,DEMO_OR_TEST,High,LEAVE_BEHIND,tests/host make test,host GCC regression of v1 modules (not control),src/custom_listview,LEAVE_IN_LEGACY_REPOSITORY,
tests/host/renderer_setup_harness.h,DEMO_OR_TEST,High,LEAVE_BEHIND,tests/host make test,host GCC regression of v1 modules (not control),src/custom_listview,LEAVE_IN_LEGACY_REPOSITORY,
tests/host/renderer_setup_main.c,DEMO_OR_TEST,High,LEAVE_BEHIND,tests/host make test,host GCC regression of v1 modules (not control),src/custom_listview,LEAVE_IN_LEGACY_REPOSITORY,
tests/host/renderer_setup_tests.c,DEMO_OR_TEST,High,LEAVE_BEHIND,tests/host make test,host GCC regression of v1 modules (not control),src/custom_listview,LEAVE_IN_LEGACY_REPOSITORY,
tests/host/renderer_viewport_characterise.c,DEMO_OR_TEST,High,LEAVE_BEHIND,tests/host make test,host GCC regression of v1 modules (not control),src/custom_listview,LEAVE_IN_LEGACY_REPOSITORY,
tests/host/renderer_viewport_harness.c,DEMO_OR_TEST,High,LEAVE_BEHIND,tests/host make test,host GCC regression of v1 modules (not control),src/custom_listview,LEAVE_IN_LEGACY_REPOSITORY,
tests/host/renderer_viewport_harness.h,DEMO_OR_TEST,High,LEAVE_BEHIND,tests/host make test,host GCC regression of v1 modules (not control),src/custom_listview,LEAVE_IN_LEGACY_REPOSITORY,
tests/host/renderer_viewport_main.c,DEMO_OR_TEST,High,LEAVE_BEHIND,tests/host make test,host GCC regression of v1 modules (not control),src/custom_listview,LEAVE_IN_LEGACY_REPOSITORY,
tests/host/renderer_viewport_tests.c,DEMO_OR_TEST,High,LEAVE_BEHIND,tests/host make test,host GCC regression of v1 modules (not control),src/custom_listview,LEAVE_IN_LEGACY_REPOSITORY,
tests/host/cellctl_geom_main.c,DEMO_OR_TEST,High,LEAVE_BEHIND,tests/host make test,host GCC regression of v1 modules (not control),src/custom_listview,LEAVE_IN_LEGACY_REPOSITORY,
tests/host/cellctl_geom_tests.c,DEMO_OR_TEST,High,LEAVE_BEHIND,tests/host make test,host GCC regression of v1 modules (not control),src/custom_listview,LEAVE_IN_LEGACY_REPOSITORY,
tests/host/stubs/exec/list_stubs.c,DEMO_OR_TEST,High,LEAVE_BEHIND,tests/host make test,host GCC regression of v1 modules (not control),src/custom_listview,LEAVE_IN_LEGACY_REPOSITORY,
tests/host/stubs/exec/lists.h,DEMO_OR_TEST,High,LEAVE_BEHIND,tests/host make test,host GCC regression of v1 modules (not control),src/custom_listview,LEAVE_IN_LEGACY_REPOSITORY,
tests/host/stubs/exec/nodes.h,DEMO_OR_TEST,High,LEAVE_BEHIND,tests/host make test,host GCC regression of v1 modules (not control),src/custom_listview,LEAVE_IN_LEGACY_REPOSITORY,
tests/host/stubs/exec/types.h,DEMO_OR_TEST,High,LEAVE_BEHIND,tests/host make test,host GCC regression of v1 modules (not control),src/custom_listview,LEAVE_IN_LEGACY_REPOSITORY,
tests/host/stubs/graphics/text.h,DEMO_OR_TEST,High,LEAVE_BEHIND,tests/host make test,host GCC regression of v1 modules (not control),src/custom_listview,LEAVE_IN_LEGACY_REPOSITORY,
tests/host/stubs/proto/exec.h,DEMO_OR_TEST,High,LEAVE_BEHIND,tests/host make test,host GCC regression of v1 modules (not control),src/custom_listview,LEAVE_IN_LEGACY_REPOSITORY,
tests/host/README.md,DOCUMENTATION,High,LEAVE_BEHIND,tests/host make test,host GCC regression of v1 modules (not control),src/custom_listview,LEAVE_IN_LEGACY_REPOSITORY,
tests/host/PATH_SHORTENING_TESTS.md,DOCUMENTATION,High,LEAVE_BEHIND,tests/host make test,host GCC regression of v1 modules (not control),src/custom_listview,LEAVE_IN_LEGACY_REPOSITORY,
tests/host/RENDERER_SETUP_TESTS.md,DOCUMENTATION,High,LEAVE_BEHIND,tests/host make test,host GCC regression of v1 modules (not control),src/custom_listview,LEAVE_IN_LEGACY_REPOSITORY,
tests/host/output/PATH_SHORTENING_CHARACTERISATION.md,DOCUMENTATION,High,LEAVE_BEHIND,tests/host make test,host GCC regression of v1 modules (not control),src/custom_listview,LEAVE_IN_LEGACY_REPOSITORY,
tests/host/output/RENDERER_SETUP_CHARACTERISATION.md,DOCUMENTATION,High,LEAVE_BEHIND,tests/host make test,host GCC regression of v1 modules (not control),src/custom_listview,LEAVE_IN_LEGACY_REPOSITORY,
tests/host/output/RENDERER_VIEWPORT_CLIPPING_CHARACTERISATION.md,DOCUMENTATION,High,LEAVE_BEHIND,tests/host make test,host GCC regression of v1 modules (not control),src/custom_listview,LEAVE_IN_LEGACY_REPOSITORY,
tests/clv_char_wrap_amiga_selftest.c,DEMO_OR_TEST,High,LEAVE_BEHIND,make tests / validate-abi,v1 wrap/ABI tests,legacy modules,LEAVE_IN_LEGACY_REPOSITORY,
tests/clv_char_wrap_amiga_selftest.h,DEMO_OR_TEST,High,LEAVE_BEHIND,make tests / validate-abi,v1 wrap/ABI tests,legacy modules,LEAVE_IN_LEGACY_REPOSITORY,
tests/clv_selftest_common.h,DEMO_OR_TEST,High,LEAVE_BEHIND,make tests / validate-abi,v1 wrap/ABI tests,legacy modules,LEAVE_IN_LEGACY_REPOSITORY,
tests/wrap_selftest_main.c,DEMO_OR_TEST,High,LEAVE_BEHIND,make tests / validate-abi,v1 wrap/ABI tests,legacy modules,LEAVE_IN_LEGACY_REPOSITORY,
tests/abi/clv_abi_probe.c,DEMO_OR_TEST,High,LEAVE_BEHIND,make tests / validate-abi,v1 wrap/ABI tests,legacy modules,LEAVE_IN_LEGACY_REPOSITORY,
tests/abi/clv_abi_baseline.json,DEMO_OR_TEST,High,LEAVE_BEHIND,make tests / validate-abi,v1 wrap/ABI tests,legacy modules,LEAVE_IN_LEGACY_REPOSITORY,
tests/header_audit/RESULTS.md,DOCUMENTATION,High,LEAVE_BEHIND,header_audit Makefile,v1 public/internal header surface gates,src/custom_listview,LEAVE_IN_LEGACY_REPOSITORY,
tests/header_audit/client_ascii_api.c,DEMO_OR_TEST,High,LEAVE_BEHIND,header_audit Makefile,v1 public/internal header surface gates,src/custom_listview,LEAVE_IN_LEGACY_REPOSITORY,
tests/header_audit/client_char_wrap_api.c,DEMO_OR_TEST,High,LEAVE_BEHIND,header_audit Makefile,v1 public/internal header surface gates,src/custom_listview,LEAVE_IN_LEGACY_REPOSITORY,
tests/header_audit/client_details_api.c,DEMO_OR_TEST,High,LEAVE_BEHIND,header_audit Makefile,v1 public/internal header surface gates,src/custom_listview,LEAVE_IN_LEGACY_REPOSITORY,
tests/header_audit/client_renderer_api.c,DEMO_OR_TEST,High,LEAVE_BEHIND,header_audit Makefile,v1 public/internal header surface gates,src/custom_listview,LEAVE_IN_LEGACY_REPOSITORY,
tests/header_audit/compile_clv_ascii.c,DEMO_OR_TEST,High,LEAVE_BEHIND,header_audit Makefile,v1 public/internal header surface gates,src/custom_listview,LEAVE_IN_LEGACY_REPOSITORY,
tests/header_audit/compile_clv_ascii_formatter.c,DEMO_OR_TEST,High,LEAVE_BEHIND,header_audit Makefile,v1 public/internal header surface gates,src/custom_listview,LEAVE_IN_LEGACY_REPOSITORY,
tests/header_audit/compile_clv_cell_tracking.c,DEMO_OR_TEST,High,LEAVE_BEHIND,header_audit Makefile,v1 public/internal header surface gates,src/custom_listview,LEAVE_IN_LEGACY_REPOSITORY,
tests/header_audit/compile_clv_char_wrap.c,DEMO_OR_TEST,High,LEAVE_BEHIND,header_audit Makefile,v1 public/internal header surface gates,src/custom_listview,LEAVE_IN_LEGACY_REPOSITORY,
tests/header_audit/compile_clv_columns.c,DEMO_OR_TEST,High,LEAVE_BEHIND,header_audit Makefile,v1 public/internal header surface gates,src/custom_listview,LEAVE_IN_LEGACY_REPOSITORY,
tests/header_audit/compile_clv_compiler.c,DEMO_OR_TEST,High,LEAVE_BEHIND,header_audit Makefile,v1 public/internal header surface gates,src/custom_listview,LEAVE_IN_LEGACY_REPOSITORY,
tests/header_audit/compile_clv_config.c,DEMO_OR_TEST,High,LEAVE_BEHIND,header_audit Makefile,v1 public/internal header surface gates,src/custom_listview,LEAVE_IN_LEGACY_REPOSITORY,
tests/header_audit/compile_clv_details.c,DEMO_OR_TEST,High,LEAVE_BEHIND,header_audit Makefile,v1 public/internal header surface gates,src/custom_listview,LEAVE_IN_LEGACY_REPOSITORY,
tests/header_audit/compile_clv_exec_list_compat.c,DEMO_OR_TEST,High,LEAVE_BEHIND,header_audit Makefile,v1 public/internal header surface gates,src/custom_listview,LEAVE_IN_LEGACY_REPOSITORY,
tests/header_audit/compile_clv_path.c,DEMO_OR_TEST,High,LEAVE_BEHIND,header_audit Makefile,v1 public/internal header surface gates,src/custom_listview,LEAVE_IN_LEGACY_REPOSITORY,
tests/header_audit/compile_clv_platform.c,DEMO_OR_TEST,High,LEAVE_BEHIND,header_audit Makefile,v1 public/internal header surface gates,src/custom_listview,LEAVE_IN_LEGACY_REPOSITORY,
tests/header_audit/compile_clv_renderer.c,DEMO_OR_TEST,High,LEAVE_BEHIND,header_audit Makefile,v1 public/internal header surface gates,src/custom_listview,LEAVE_IN_LEGACY_REPOSITORY,
tests/header_audit/compile_clv_sdk_compat.c,DEMO_OR_TEST,High,LEAVE_BEHIND,header_audit Makefile,v1 public/internal header surface gates,src/custom_listview,LEAVE_IN_LEGACY_REPOSITORY,
tests/header_audit/compile_clv_selection.c,DEMO_OR_TEST,High,LEAVE_BEHIND,header_audit Makefile,v1 public/internal header surface gates,src/custom_listview,LEAVE_IN_LEGACY_REPOSITORY,
tests/header_audit/compile_clv_sort.c,DEMO_OR_TEST,High,LEAVE_BEHIND,header_audit Makefile,v1 public/internal header surface gates,src/custom_listview,LEAVE_IN_LEGACY_REPOSITORY,
tests/header_audit/compile_clv_types.c,DEMO_OR_TEST,High,LEAVE_BEHIND,header_audit Makefile,v1 public/internal header surface gates,src/custom_listview,LEAVE_IN_LEGACY_REPOSITORY,
tests/header_audit/compile_umbrella.c,DEMO_OR_TEST,High,LEAVE_BEHIND,header_audit Makefile,v1 public/internal header surface gates,src/custom_listview,LEAVE_IN_LEGACY_REPOSITORY,
tests/header_audit/include_order_a.c,DEMO_OR_TEST,High,LEAVE_BEHIND,header_audit Makefile,v1 public/internal header surface gates,src/custom_listview,LEAVE_IN_LEGACY_REPOSITORY,
tests/header_audit/include_order_b.c,DEMO_OR_TEST,High,LEAVE_BEHIND,header_audit Makefile,v1 public/internal header surface gates,src/custom_listview,LEAVE_IN_LEGACY_REPOSITORY,
tests/header_audit/include_order_renderer_selection.c,DEMO_OR_TEST,High,LEAVE_BEHIND,header_audit Makefile,v1 public/internal header surface gates,src/custom_listview,LEAVE_IN_LEGACY_REPOSITORY,
tests/header_audit/include_order_selection_renderer.c,DEMO_OR_TEST,High,LEAVE_BEHIND,header_audit Makefile,v1 public/internal header surface gates,src/custom_listview,LEAVE_IN_LEGACY_REPOSITORY,
tests/header_audit/internal_renderer_types.c,DEMO_OR_TEST,High,LEAVE_BEHIND,header_audit Makefile,v1 public/internal header surface gates,src/custom_listview,LEAVE_IN_LEGACY_REPOSITORY,
tests/header_audit/internal_viewport_api.c,DEMO_OR_TEST,High,LEAVE_BEHIND,header_audit Makefile,v1 public/internal header surface gates,src/custom_listview,LEAVE_IN_LEGACY_REPOSITORY,
tests/header_audit/neg_public_divider.c,DEMO_OR_TEST,High,LEAVE_BEHIND,header_audit Makefile,v1 public/internal header surface gates,src/custom_listview,LEAVE_IN_LEGACY_REPOSITORY,
tests/header_audit/neg_public_platform_free.c,DEMO_OR_TEST,High,LEAVE_BEHIND,header_audit Makefile,v1 public/internal header surface gates,src/custom_listview,LEAVE_IN_LEGACY_REPOSITORY,
tests/header_audit/neg_public_platform_malloc.c,DEMO_OR_TEST,High,LEAVE_BEHIND,header_audit Makefile,v1 public/internal header surface gates,src/custom_listview,LEAVE_IN_LEGACY_REPOSITORY,
tests/header_audit/neg_public_render_cell.c,DEMO_OR_TEST,High,LEAVE_BEHIND,header_audit Makefile,v1 public/internal header surface gates,src/custom_listview,LEAVE_IN_LEGACY_REPOSITORY,
tests/header_audit/neg_public_render_fragment.c,DEMO_OR_TEST,High,LEAVE_BEHIND,header_audit Makefile,v1 public/internal header surface gates,src/custom_listview,LEAVE_IN_LEGACY_REPOSITORY,
tests/header_audit/neg_public_render_max_internal.c,DEMO_OR_TEST,High,LEAVE_BEHIND,header_audit Makefile,v1 public/internal header surface gates,src/custom_listview,LEAVE_IN_LEGACY_REPOSITORY,
tests/header_audit/neg_public_render_node.c,DEMO_OR_TEST,High,LEAVE_BEHIND,header_audit Makefile,v1 public/internal header surface gates,src/custom_listview,LEAVE_IN_LEGACY_REPOSITORY,
tests/header_audit/neg_public_row_node_tags.c,DEMO_OR_TEST,High,LEAVE_BEHIND,header_audit Makefile,v1 public/internal header surface gates,src/custom_listview,LEAVE_IN_LEGACY_REPOSITORY,
tests/header_audit/neg_public_viewport_ascii.c,DEMO_OR_TEST,High,LEAVE_BEHIND,header_audit Makefile,v1 public/internal header surface gates,src/custom_listview,LEAVE_IN_LEGACY_REPOSITORY,
tests/header_audit/neg_public_viewport_renderer_clear.c,DEMO_OR_TEST,High,LEAVE_BEHIND,header_audit Makefile,v1 public/internal header surface gates,src/custom_listview,LEAVE_IN_LEGACY_REPOSITORY,
tests/header_audit/neg_public_viewport_renderer_set.c,DEMO_OR_TEST,High,LEAVE_BEHIND,header_audit Makefile,v1 public/internal header surface gates,src/custom_listview,LEAVE_IN_LEGACY_REPOSITORY,
tests/headers/hdr_ascii.c,DEMO_OR_TEST,High,LEAVE_BEHIND,validate-headers,v1 header compile probes,src/custom_listview,LEAVE_IN_LEGACY_REPOSITORY,
tests/headers/hdr_cellctl.c,DEMO_OR_TEST,High,LEAVE_BEHIND,validate-headers,v1 header compile probes,src/custom_listview,LEAVE_IN_LEGACY_REPOSITORY,
tests/headers/hdr_char_wrap.c,DEMO_OR_TEST,High,LEAVE_BEHIND,validate-headers,v1 header compile probes,src/custom_listview,LEAVE_IN_LEGACY_REPOSITORY,
tests/headers/hdr_config.c,DEMO_OR_TEST,High,LEAVE_BEHIND,validate-headers,v1 header compile probes,src/custom_listview,LEAVE_IN_LEGACY_REPOSITORY,
tests/headers/hdr_details.c,DEMO_OR_TEST,High,LEAVE_BEHIND,validate-headers,v1 header compile probes,src/custom_listview,LEAVE_IN_LEGACY_REPOSITORY,
tests/headers/hdr_exec_compat.c,DEMO_OR_TEST,High,LEAVE_BEHIND,validate-headers,v1 header compile probes,src/custom_listview,LEAVE_IN_LEGACY_REPOSITORY,
tests/headers/hdr_renderer.c,DEMO_OR_TEST,High,LEAVE_BEHIND,validate-headers,v1 header compile probes,src/custom_listview,LEAVE_IN_LEGACY_REPOSITORY,
tests/headers/hdr_selection.c,DEMO_OR_TEST,High,LEAVE_BEHIND,validate-headers,v1 header compile probes,src/custom_listview,LEAVE_IN_LEGACY_REPOSITORY,
tests/headers/hdr_types.c,DEMO_OR_TEST,High,LEAVE_BEHIND,validate-headers,v1 header compile probes,src/custom_listview,LEAVE_IN_LEGACY_REPOSITORY,
tests/headers/hdr_umbrella.c,DEMO_OR_TEST,High,LEAVE_BEHIND,validate-headers,v1 header compile probes,src/custom_listview,LEAVE_IN_LEGACY_REPOSITORY,
docs/CLV_CUSTOM_CONTROL_DESIGN_AND_IMPLEMENTATION_PLAN.md,DOCUMENTATION,High,MOVE_CANDIDATE;COPY_CANDIDATE,docs only,RichListview design/implementation plan,none,COPY_TO_RICHLISTVIEW_THEN_CLEAN,Medium confidence on MASTER_PLAN: spans both cellctl and control
docs/CLV_CUSTOM_CONTROL_KEYBOARD_NAVIGATION_PLAN.md,DOCUMENTATION,High,MOVE_CANDIDATE;COPY_CANDIDATE,docs only,control keyboard NAV plan,none,COPY_TO_RICHLISTVIEW_THEN_CLEAN,Medium confidence on MASTER_PLAN: spans both cellctl and control
docs/CLV_CUSTOM_CONTROL_PHASE1_AUDIT.md,DOCUMENTATION,High,MOVE_CANDIDATE;COPY_CANDIDATE,docs only,Phase1 custom control audit,none,COPY_TO_RICHLISTVIEW_THEN_CLEAN,Medium confidence on MASTER_PLAN: spans both cellctl and control
docs/CLV_CELL_CONTROL_EVENT_NOTIFICATION_PLAN.md,DOCUMENTATION,High,MOVE_CANDIDATE;COPY_CANDIDATE,docs only,control cell events plan,none,COPY_TO_RICHLISTVIEW_THEN_CLEAN,Medium confidence on MASTER_PLAN: spans both cellctl and control
docs/CLV_CONTROL_CELLS_DEVELOPER_LOG.md,DOCUMENTATION,High,MOVE_CANDIDATE;COPY_CANDIDATE,docs only,developer log for control cells,none,COPY_TO_RICHLISTVIEW_THEN_CLEAN,Medium confidence on MASTER_PLAN: spans both cellctl and control
docs/CLV_INTERACTIVE_CONTROL_CELLS_MASTER_PLAN.md,DOCUMENTATION,Medium,MOVE_CANDIDATE;COPY_CANDIDATE;SPLIT_REQUIRED;STALE_DOCUMENTATION,docs only,master plan; may mention both paths,none,COPY_TO_RICHLISTVIEW_THEN_CLEAN,Medium confidence on MASTER_PLAN: spans both cellctl and control
docs/CLV_BENCHMARK_HANDOFF.md,DOCUMENTATION,High,MOVE_CANDIDATE;COPY_CANDIDATE,docs only,control bench handoff,none,COPY_TO_RICHLISTVIEW_THEN_CLEAN,Medium confidence on MASTER_PLAN: spans both cellctl and control
docs/CLV_BENCHMARK_IMPLEMENTATION_REPORT.md,DOCUMENTATION,High,MOVE_CANDIDATE;COPY_CANDIDATE,docs only,control bench implementation,none,COPY_TO_RICHLISTVIEW_THEN_CLEAN,Medium confidence on MASTER_PLAN: spans both cellctl and control
docs/AI_AGENT_PROMPT_AUDIT_AND_CLASSIFY_LISTVIEW_FILES.md,DOCUMENTATION,High,MOVE_CANDIDATE;COPY_CANDIDATE,docs only,this audit prompt,none,LEAVE_IN_LEGACY_REPOSITORY,Medium confidence on MASTER_PLAN: spans both cellctl and control
docs/CLV_FUTURE_IMPROVEMENTS_WISHLIST.md,DOCUMENTATION,High,MOVE_CANDIDATE;COPY_CANDIDATE;SPLIT_REQUIRED;STALE_DOCUMENTATION,docs only,wishlist spanning future work,none,COPY_TO_RICHLISTVIEW_THEN_CLEAN,Medium confidence on MASTER_PLAN: spans both cellctl and control
docs/CUSTOM_LISTVIEW_INTEGRATION_GUIDE.md,DOCUMENTATION,High,LEAVE_BEHIND,docs,primarily v1 GadTools CLV architecture/profiles,none,LEAVE_IN_LEGACY_REPOSITORY,MODULE_ARCHITECTURE layout paths outdated (src/ flat); mentions prefer custom-control-demo for cellctl
docs/CUSTOM_LISTVIEW_INTEGRATION_GUIDE_REPORT.md,DOCUMENTATION,High,LEAVE_BEHIND,docs,primarily v1 GadTools CLV architecture/profiles,none,LEAVE_IN_LEGACY_REPOSITORY,MODULE_ARCHITECTURE layout paths outdated (src/ flat); mentions prefer custom-control-demo for cellctl
docs/CLV_BUILD_PROFILES.md,DOCUMENTATION,High,LEAVE_BEHIND,docs,primarily v1 GadTools CLV architecture/profiles,none,LEAVE_IN_LEGACY_REPOSITORY,MODULE_ARCHITECTURE layout paths outdated (src/ flat); mentions prefer custom-control-demo for cellctl
docs/CLV_SIZE_REPORT.md,DOCUMENTATION,High,LEAVE_BEHIND,docs,primarily v1 GadTools CLV architecture/profiles,none,LEAVE_IN_LEGACY_REPOSITORY,MODULE_ARCHITECTURE layout paths outdated (src/ flat); mentions prefer custom-control-demo for cellctl
docs/CLV_MEMORY_MODEL.md,DOCUMENTATION,High,LEAVE_BEHIND,docs,primarily v1 GadTools CLV architecture/profiles,none,LEAVE_IN_LEGACY_REPOSITORY,MODULE_ARCHITECTURE layout paths outdated (src/ flat); mentions prefer custom-control-demo for cellctl
docs/CLV_MODULE_ARCHITECTURE.md,DOCUMENTATION,High,LEAVE_BEHIND;STALE_DOCUMENTATION;MISLEADING_NAME,docs,primarily v1 GadTools CLV architecture/profiles,none,LEAVE_IN_LEGACY_REPOSITORY,MODULE_ARCHITECTURE layout paths outdated (src/ flat); mentions prefer custom-control-demo for cellctl
docs/CLV_MODULE_AUDIT.md,DOCUMENTATION,High,LEAVE_BEHIND,docs,primarily v1 GadTools CLV architecture/profiles,none,LEAVE_IN_LEGACY_REPOSITORY,MODULE_ARCHITECTURE layout paths outdated (src/ flat); mentions prefer custom-control-demo for cellctl
docs/WB3C_TO_CLV_MIGRATION.md,DOCUMENTATION,High,LEAVE_BEHIND,docs,primarily v1 GadTools CLV architecture/profiles,none,LEAVE_IN_LEGACY_REPOSITORY,MODULE_ARCHITECTURE layout paths outdated (src/ flat); mentions prefer custom-control-demo for cellctl
docs/LISTVIEW_HELPERS.md,DOCUMENTATION,High,LEAVE_BEHIND,docs,primarily v1 GadTools CLV architecture/profiles,none,LEAVE_IN_LEGACY_REPOSITORY,MODULE_ARCHITECTURE layout paths outdated (src/ flat); mentions prefer custom-control-demo for cellctl
docs/LISTVIEW_DETAILS_HELPER.md,DOCUMENTATION,High,LEAVE_BEHIND,docs,primarily v1 GadTools CLV architecture/profiles,none,LEAVE_IN_LEGACY_REPOSITORY,MODULE_ARCHITECTURE layout paths outdated (src/ flat); mentions prefer custom-control-demo for cellctl
docs/WRAPPED_CONTINUATION_GUIDE_REPORT.md,DOCUMENTATION,High,LEAVE_BEHIND,docs,primarily v1 GadTools CLV architecture/profiles,none,LEAVE_IN_LEGACY_REPOSITORY,MODULE_ARCHITECTURE layout paths outdated (src/ flat); mentions prefer custom-control-demo for cellctl
docs/WRAPPED_CONTINUATION_GUIDE_REFINEMENT_REPORT.md,DOCUMENTATION,High,LEAVE_BEHIND,docs,primarily v1 GadTools CLV architecture/profiles,none,LEAVE_IN_LEGACY_REPOSITORY,MODULE_ARCHITECTURE layout paths outdated (src/ flat); mentions prefer custom-control-demo for cellctl
docs/CLV_68000_OPTIMIZATION_ANALYSIS.md,DOCUMENTATION,High,LEAVE_BEHIND,docs,primarily v1 GadTools CLV architecture/profiles,none,LEAVE_IN_LEGACY_REPOSITORY,MODULE_ARCHITECTURE layout paths outdated (src/ flat); mentions prefer custom-control-demo for cellctl
docs/DevLog.md,DOCUMENTATION,High,LEAVE_BEHIND,docs,primarily v1 GadTools CLV architecture/profiles,none,LEAVE_IN_LEGACY_REPOSITORY,MODULE_ARCHITECTURE layout paths outdated (src/ flat); mentions prefer custom-control-demo for cellctl
docs/OldDocs/BASELINE_VALIDATION.md,DOCUMENTATION,High,LEAVE_BEHIND;STALE_DOCUMENTATION,historical,historical extraction/modularisation/header reports for v1,none,ARCHIVE_OR_REMOVE_LATER,
docs/OldDocs/CLV_NAMESPACE_MIGRATION.md,DOCUMENTATION,High,LEAVE_BEHIND;STALE_DOCUMENTATION,historical,historical extraction/modularisation/header reports for v1,none,ARCHIVE_OR_REMOVE_LATER,
docs/OldDocs/CLV_OPTIONAL_RENDERER_AUDIT.md,DOCUMENTATION,High,LEAVE_BEHIND;STALE_DOCUMENTATION,historical,historical extraction/modularisation/header reports for v1,none,ARCHIVE_OR_REMOVE_LATER,
docs/OldDocs/CLV_PATH_WRAP_DECISION.md,DOCUMENTATION,High,LEAVE_BEHIND;STALE_DOCUMENTATION,historical,historical extraction/modularisation/header reports for v1,none,ARCHIVE_OR_REMOVE_LATER,
docs/OldDocs/CLV_SRC_DUPLICATION_AUDIT.md,DOCUMENTATION,High,LEAVE_BEHIND;STALE_DOCUMENTATION,historical,historical extraction/modularisation/header reports for v1,none,ARCHIVE_OR_REMOVE_LATER,
docs/OldDocs/CUSTOM_LISTVIEW_EXTRACTION_AND_ARCHITECTURE.md,DOCUMENTATION,High,LEAVE_BEHIND;STALE_DOCUMENTATION,historical,historical extraction/modularisation/header reports for v1,none,ARCHIVE_OR_REMOVE_LATER,
docs/OldDocs/CUSTOM_LISTVIEW_EXTRACTION_MANIFEST.md,DOCUMENTATION,High,LEAVE_BEHIND;STALE_DOCUMENTATION,historical,historical extraction/modularisation/header reports for v1,none,ARCHIVE_OR_REMOVE_LATER,
docs/OldDocs/EXTRACTION_PROVENANCE.md,DOCUMENTATION,High,LEAVE_BEHIND;STALE_DOCUMENTATION,historical,historical extraction/modularisation/header reports for v1,none,ARCHIVE_OR_REMOVE_LATER,
docs/OldDocs/EXTRACTION_REPORT.md,DOCUMENTATION,High,LEAVE_BEHIND;STALE_DOCUMENTATION,historical,historical extraction/modularisation/header reports for v1,none,ARCHIVE_OR_REMOVE_LATER,
docs/OldDocs/INITIAL_SIZE_REPORT.md,DOCUMENTATION,High,LEAVE_BEHIND;STALE_DOCUMENTATION,historical,historical extraction/modularisation/header reports for v1,none,ARCHIVE_OR_REMOVE_LATER,
docs/OldDocs/MODULARISATION_PHASE_REPORT.md,DOCUMENTATION,High,LEAVE_BEHIND;STALE_DOCUMENTATION,historical,historical extraction/modularisation/header reports for v1,none,ARCHIVE_OR_REMOVE_LATER,
docs/OldDocs/MODULAR_BASELINE_VALIDATION.md,DOCUMENTATION,High,LEAVE_BEHIND;STALE_DOCUMENTATION,historical,historical extraction/modularisation/header reports for v1,none,ARCHIVE_OR_REMOVE_LATER,
docs/OldDocs/NAMESPACE_PHASE_REPORT.md,DOCUMENTATION,High,LEAVE_BEHIND;STALE_DOCUMENTATION,historical,historical extraction/modularisation/header reports for v1,none,ARCHIVE_OR_REMOVE_LATER,
docs/OldDocs/OPTIONAL_MODULE_CLEANUP_REPORT.md,DOCUMENTATION,High,LEAVE_BEHIND;STALE_DOCUMENTATION,historical,historical extraction/modularisation/header reports for v1,none,ARCHIVE_OR_REMOVE_LATER,
docs/OldDocs/PATH_SHORTENING_CANONICAL_BEHAVIOUR_REVIEW.md,DOCUMENTATION,High,LEAVE_BEHIND;STALE_DOCUMENTATION,historical,historical extraction/modularisation/header reports for v1,none,ARCHIVE_OR_REMOVE_LATER,
docs/OldDocs/PATH_SHORTENING_CANONICAL_IMPLEMENTATION_REPORT.md,DOCUMENTATION,High,LEAVE_BEHIND;STALE_DOCUMENTATION,historical,historical extraction/modularisation/header reports for v1,none,ARCHIVE_OR_REMOVE_LATER,
docs/OldDocs/PREPROCESSOR_DEFINE_AUDIT.md,DOCUMENTATION,High,LEAVE_BEHIND;STALE_DOCUMENTATION,historical,historical extraction/modularisation/header reports for v1,none,ARCHIVE_OR_REMOVE_LATER,
docs/OldDocs/PRE_CLEANUP_REPOSITORY_STATE.md,DOCUMENTATION,High,LEAVE_BEHIND;STALE_DOCUMENTATION,historical,historical extraction/modularisation/header reports for v1,none,ARCHIVE_OR_REMOVE_LATER,
docs/OldDocs/PUBLIC_API_MAP_PROPOSED.md,DOCUMENTATION,High,LEAVE_BEHIND;STALE_DOCUMENTATION,historical,historical extraction/modularisation/header reports for v1,none,ARCHIVE_OR_REMOVE_LATER,
docs/OldDocs/PUBLIC_API_OWNERSHIP_AUDIT.md,DOCUMENTATION,High,LEAVE_BEHIND;STALE_DOCUMENTATION,historical,historical extraction/modularisation/header reports for v1,none,ARCHIVE_OR_REMOVE_LATER,
docs/OldDocs/PUBLIC_HEADER_PHASE1_VIEWPORT_INTERNALISATION_REPORT.md,DOCUMENTATION,High,LEAVE_BEHIND;STALE_DOCUMENTATION,historical,historical extraction/modularisation/header reports for v1,none,ARCHIVE_OR_REMOVE_LATER,
docs/OldDocs/PUBLIC_HEADER_PHASE2_OWNERSHIP_CLEANUP_REPORT.md,DOCUMENTATION,High,LEAVE_BEHIND;STALE_DOCUMENTATION,historical,historical extraction/modularisation/header reports for v1,none,ARCHIVE_OR_REMOVE_LATER,
docs/OldDocs/PUBLIC_HEADER_PHASE3_RENDERER_INTERNALISATION_REPORT.md,DOCUMENTATION,High,LEAVE_BEHIND;STALE_DOCUMENTATION,historical,historical extraction/modularisation/header reports for v1,none,ARCHIVE_OR_REMOVE_LATER,
docs/OldDocs/PUBLIC_HEADER_SURFACE_AUDIT.md,DOCUMENTATION,High,LEAVE_BEHIND;STALE_DOCUMENTATION,historical,historical extraction/modularisation/header reports for v1,none,ARCHIVE_OR_REMOVE_LATER,
docs/OldDocs/RENDERER_PUBLIC_SURFACE_GATE.md,DOCUMENTATION,High,LEAVE_BEHIND;STALE_DOCUMENTATION,historical,historical extraction/modularisation/header reports for v1,none,ARCHIVE_OR_REMOVE_LATER,
docs/OldDocs/RENDERER_SETUP_RESOLVER_REFACTOR_REPORT.md,DOCUMENTATION,High,LEAVE_BEHIND;STALE_DOCUMENTATION,historical,historical extraction/modularisation/header reports for v1,none,ARCHIVE_OR_REMOVE_LATER,
docs/OldDocs/RENDERER_VIEWPORT_CLIPPING_REPORT.md,DOCUMENTATION,High,LEAVE_BEHIND;STALE_DOCUMENTATION,historical,historical extraction/modularisation/header reports for v1,none,ARCHIVE_OR_REMOVE_LATER,
docs/OldDocs/SOURCE_HEADER_COLOCATION_MIGRATION_REPORT.md,DOCUMENTATION,High,LEAVE_BEHIND;STALE_DOCUMENTATION,historical,historical extraction/modularisation/header reports for v1,none,ARCHIVE_OR_REMOVE_LATER,
docs/implementation/AMIGA_ONLY_CONFIG_CONSOLIDATION_REPORT.md,DOCUMENTATION,High,LEAVE_BEHIND;STALE_DOCUMENTATION,historical,historical extraction/modularisation/header reports for v1,none,ARCHIVE_OR_REMOVE_LATER,
docs/implementation/ASCII_SEPARATOR_REFACTOR_REPORT.md,DOCUMENTATION,High,LEAVE_BEHIND;STALE_DOCUMENTATION,historical,historical extraction/modularisation/header reports for v1,none,ARCHIVE_OR_REMOVE_LATER,
docs/implementation/CLV_SIZE_REPORT_BASELINE_PRE_AMIGA_ONLY.md,DOCUMENTATION,High,LEAVE_BEHIND;STALE_DOCUMENTATION,historical,historical extraction/modularisation/header reports for v1,none,ARCHIVE_OR_REMOVE_LATER,
docs/implementation/WB3C_COMPAT_REMOVAL_REPORT.md,DOCUMENTATION,High,LEAVE_BEHIND;STALE_DOCUMENTATION,historical,historical extraction/modularisation/header reports for v1,none,ARCHIVE_OR_REMOVE_LATER,
docs/implementation/baseline_sizes_pre_amiga_only.json,DOCUMENTATION,High,LEAVE_BEHIND;STALE_DOCUMENTATION,historical,historical extraction/modularisation/header reports for v1,none,ARCHIVE_OR_REMOVE_LATER,
docs/samples/clv_benchmark_sample.txt,DOCUMENTATION,High,LEAVE_BEHIND;STALE_DOCUMENTATION,historical,historical extraction/modularisation/header reports for v1,none,ARCHIVE_OR_REMOVE_LATER,
docs/audit/LISTVIEW_ARCHITECTURE_FILE_AUDIT.md,DOCUMENTATION,High,COPY_CANDIDATE,this audit,main audit report,none,COPY_TO_RICHLISTVIEW_THEN_CLEAN,
docs/audit/LISTVIEW_DEPENDENCY_MAP.md,DOCUMENTATION,High,COPY_CANDIDATE,this audit,dependency map,none,COPY_TO_RICHLISTVIEW_THEN_CLEAN,
docs/audit/RICHLISTVIEW_EXTRACTION_MANIFEST.md,DOCUMENTATION,High,COPY_CANDIDATE,this audit,extraction plan,none,COPY_TO_RICHLISTVIEW_THEN_CLEAN,
docs/audit/LISTVIEW_AUDIT_MACHINE_READABLE.csv,DOCUMENTATION,High,COPY_CANDIDATE,this audit,machine-readable classifications,none,COPY_TO_RICHLISTVIEW_THEN_CLEAN,
docs/audit/_generate_audit_csv.py,BUILD_OR_TOOLING,High,LEAVE_BEHIND,audit regen,generator for CSV,none,ARCHIVE_OR_REMOVE_LATER,
docs/AutoDocs/*,DOCUMENTATION,High,LEAVE_BEHIND;DEAD_OR_UNREFERENCED,reference only,Third-party Amiga AutoDocs corpus — excluded from row-level source audit,none,LEAVE_IN_LEGACY_REPOSITORY,Keep as Amiga API reference for both arches
